HOLE,DEPTH,AZI,TILT,DIP
10001,0,0,0,-90
10001,2,117.7112778,0.387378656,-89.61262134
10001,4,110.676535,0.383999645,-89.61600036
10001,6,97.758987,0.33450012,-89.66549988
10001,8,93.3320045,0.31399995,-89.68600005
10001,10,95.8835175,0.306000095,-89.69399991
10001,12,87.973012,0.302499905,-89.6975001
10001,14,86.391998,0.311999905,-89.6880001
10001,16,81.994004,0.309,-89.691
10001,18,74.0025095,0.305,-89.695
10001,20,70.6869925,0.3085,-89.6915
10001,22,72.3549995,0.3,-89.7
10001,24,71.312999,0.317000095,-89.68299991
10001,26,68.9844945,0.33099981,-89.66900019
10001,28,71.576497,0.3165,-89.6835
10001,30,78.0685,0.306,-89.694
10001,32,66.9555,0.3145,-89.6855
10001,34,53.98,0.306,-89.694
10001,36,54.14,0.3085,-89.6915
10001,38,55.7035,0.303,-89.697
10001,40,51.6325,0.307,-89.693
10001,42,44.0615,0.316,-89.684
10001,44,34.3385,0.362,-89.638
10001,46,38.21,0.308,-89.692
10001,48,42.1465,0.297,-89.703
10001,50,45.7785,0.222,-89.778
10001,52,42.4675,0.149,-89.851
10001,54,127.181,0.083,-89.917
10001,56,292.7055,0.1255,-89.8745
10001,58,283.969,0.213,-89.787
10001,60,282.608,0.3175,-89.6825
10001,62,284.8875,0.436,-89.564
10001,64,288.4945,0.546,-89.454
10001,66,285.7155,0.5505,-89.4495
10001,68,288.321,0.603,-89.397
10001,70,284.4805,0.576,-89.424
10001,72,280.787995,0.545,-89.455
10001,74,280.282,0.586,-89.414
10001,76,284.473505,0.659,-89.341
10001,78,285.1425,0.73,-89.27
10001,80,281.734,0.717,-89.283
10001,82,282.2845,0.7575,-89.2425
10001,84,288.099,0.9745,-89.0255
10001,86,288.962,1.0415,-88.9585
10002,0,0,0,-90
10002,2,49.74718861,0.550125304,-89.4498747
10002,4,52.731008,0.54149943,-89.45850057
10002,6,61.0930015,0.49949967,-89.50050033
10002,8,81.6894705,0.313999525,-89.68600048
10002,10,80.384069,0.218499995,-89.7815
10002,12,84.8350965,0.121000255,-89.87899974
10002,14,228.9774345,0.098500048,-89.90149995
10002,16,257.164605,0.27099981,-89.72900019
10002,18,253.63202,0.548499525,-89.45150047
10002,20,252.03446,0.76449962,-89.23550038
10002,22,251.74451,1.0470001,-88.9529999
10002,24,245.15449,1.09449951,-88.90550049
10002,26,240.37751,1.4729993,-88.5270007
10002,28,239.47203,1.6579997,-88.3420003
10002,30,235.565515,2.0379996,-87.9620004
10002,32,232.509505,2.5384996,-87.4615004
10002,34,229.04549,2.9605,-87.0395
10002,36,227.060025,3.3804994,-86.6195006
10002,38,225.425005,3.6934994,-86.3065006
10002,40,225.56649,3.8175,-86.1825
10002,42,223.48851,4.0325002,-85.9674998
10002,44,223.28501,4.3394998,-85.6605002
10002,46,223.667505,4.4510002,-85.5489998
10002,48,223.145005,4.2630004,-85.7369996
10002,50,222.016515,4.3620004,-85.6379996
10002,52,220.821995,4.2615006,-85.7384994
10002,54,215.938995,4.264,-85.736
10002,56,215.54301,4.3065002,-85.6934998
10002,58,216.26651,4.5685,-85.4315
10002,60,216.635985,4.568,-85.432
10002,62,217.86099,4.5194994,-85.4805006
10002,64,220.278515,4.9234992,-85.0765008
10002,66,222.655,5.0690004,-84.9309996
10002,68,224.590015,5.5030004,-84.4969996
10002,70,227.866005,5.88499845,-84.11500155
10002,72,226.79699,6.0689992,-83.9310008
10002,74,229.415005,6.316,-83.684
10002,76,229.94801,7.0119996,-82.9880004
10002,78,229.67397,7.13000385,-82.86999615
10002,80,232.406,6.7109996,-83.2890004
10002,82,233.83205,6.61799925,-83.38200075
10002,84,236.26403,6.36900075,-83.63099925
10002,86,237.028005,6.0000004,-83.9999996
10002,88,236.51399,5.95449885,-84.04550115
10003,0,0,0,-90
10003,2,99.15034253,0.472071195,-89.5279288
10003,4,92.694576,0.510998475,-89.48900152
10003,6,87.964528,0.53749941,-89.46250059
10003,8,91.812859,0.367503435,-89.63249657
10003,10,89.3840555,0.32700081,-89.67299919
10003,12,87.381019,0.305999615,-89.69400039
10003,14,82.022494,0.296999905,-89.7030001
10003,16,91.595807,0.241499705,-89.7585003
10003,18,148.4040475,0.125998283,-89.87400172
10003,20,248.50777,0.151498576,-89.84850142
10003,22,237.329005,0.32999943,-89.67000057
10003,24,241.54301,0.507500475,-89.49249953
10003,26,235.768455,0.71549895,-89.28450105
10003,28,235.036045,0.875000475,-89.12499953
10003,30,228.13049,0.792499525,-89.20750048
10003,32,227.135525,1.0109996,-88.9890004
10003,34,227.99852,1.25149885,-88.74850115
10003,36,228.39299,1.2210002,-88.7789998
10003,38,225.517015,1.21700015,-88.78299985
10003,40,225.149,1.562,-88.438
10003,42,228.221495,1.8834998,-88.1165002
10003,44,227.85598,1.797001,-88.202999
10003,46,229.47298,1.7385002,-88.2614998
10003,48,229.40602,1.667499,-88.332501
10003,50,226.134495,1.8360008,-88.1639992
10003,52,225.780495,1.7529994,-88.2470006
10003,54,223.189515,2.0249994,-87.9750006
10003,56,218.270515,1.7940012,-88.2059988
10003,58,211.77198,1.8134986,-88.1865014
10003,60,210.46203,1.77349865,-88.22650135
10003,62,210.20705,2.09099985,-87.90900015
10003,64,212.293985,2.0029988,-87.9970012
10003,66,220.42251,1.92800115,-88.07199885
10003,68,226.851555,1.49199725,-88.50800275
10003,70,229.69503,1.13500045,-88.86499955
10003,72,218.335985,1.074994995,-88.92500501
10003,74,218.77449,1.133000795,-88.8669992
10003,76,211.90996,1.4449989,-88.5550011
10003,78,219.956985,1.3260011,-88.6739989
10003,80,229.554475,0.96700309,-89.03299691
10003,82,226.031525,0.753498475,-89.24650153
10003,84,227.67798,0.96149768,-89.03850232
10004,0,0,0,-90
10004,2,333.5823544,0.403266899,-89.5967331
10004,4,322.61954,0.476999975,-89.52300003
10004,6,313.92251,0.66900002,-89.33099998
10004,8,306.768005,0.87099995,-89.12900005
10004,10,302.91751,1.1089999,-88.8910001
10004,12,300.328,1.32449995,-88.67550005
10004,14,299.146995,1.5749999,-88.4250001
10004,16,299.744505,1.8115,-88.1885
10004,18,302.734,2.3235001,-87.6764999
10004,20,304.5845,2.792,-87.208
10004,22,303.815,2.9539999,-87.0460001
10004,24,304.747,3.471,-86.529
10004,26,303.072,3.7139999,-86.2860001
10004,28,305.2645,3.8069999,-86.1930001
10004,30,306.2645,3.8845,-86.1155
10004,32,309.9865,3.921,-86.079
10004,34,310.36,4.146,-85.854
10004,36,310.726,4.686,-85.314
10004,38,312.1025,5.104,-84.896
10004,40,310.839,4.903,-85.097
10004,42,307.8865,5.6435,-84.3565
10004,44,306.9725,6.109,-83.891
10004,46,306.847,6.5769998,-83.4230002
10004,48,307.471005,7.041,-82.959
10004,50,306.792,7.2320002,-82.7679998
10004,52,307.321,7.669,-82.331
10004,54,307.026,7.745,-82.255
10004,56,306.2705,8.126,-81.874
10004,58,307.085,8.402,-81.598
10004,60,307.138,8.7405,-81.2595
10004,62,304.34,8.7065,-81.2935
10004,64,304.457015,8.8610008,-81.1389992
10004,66,303.583995,8.6530004,-81.3469996
10004,68,301.642,8.9040004,-81.0959996
10004,70,302.235,8.592,-81.408
10004,72,302.316,8.3245,-81.6755
10004,74,303.425005,8.1069996,-81.8930004
10004,76,306.677005,7.944,-82.056
10004,78,309.495495,7.815,-82.185
10005,0,0,0,-90
10005,2,166.0698293,0.598950988,-89.40104901
10005,4,176.22097,0.703000355,-89.29699965
10005,6,186.095,0.813000145,-89.18699986
10005,8,198.5155,0.92099995,-89.07900005
10005,10,208.12,1.09899985,-88.90100015
10005,12,215.439505,1.236,-88.764
10005,14,224.38,1.5169996,-88.4830004
10005,16,230.68849,1.821,-88.179
10005,18,235.241,2.1285,-87.8715
10005,20,242.816,2.7185,-87.2815
10005,22,248.093,3.1765,-86.8235
10005,24,252.02,3.4230001,-86.5769999
10005,26,255.270995,3.5409999,-86.4590001
10005,28,257.7125,4.1165002,-85.8834998
10005,30,260.418,4.4219999,-85.5780001
10005,32,261.822,4.662,-85.338
10005,34,258.2595,4.666,-85.334
10005,36,258.4785,4.719,-85.281
10005,38,258.55,4.9865,-85.0135
10005,40,259.243,5.3619998,-84.6380002
10005,42,258.719,5.4875,-84.5125
10005,44,258.282995,5.494,-84.506
10005,46,259.3345,5.729,-84.271
10005,48,260.472005,6.1589994,-83.8410006
10005,50,262.929,6.4975,-83.5025
10005,52,262.629,7.2465,-82.7535
10005,54,264.577,7.592,-82.408
10005,56,266.681,7.995,-82.005
10005,58,268.9885,9.0165,-80.9835
10005,60,268.9695,10.1435,-79.8565
10005,62,269.524,11.097,-78.903
10005,64,269.5495,11.463,-78.537
10005,66,268.231,11.6635,-78.3365
10005,68,267.145,12.2215,-77.7785
10005,70,264.230005,11.9084995,-78.0915005
10005,72,263.583995,11.953,-78.047
10005,74,263.984,12.294,-77.706
10005,76,263.154495,11.5625,-78.4375
10005,78,263.359,11.0115,-78.9885
10005,80,264.0365,10.4085,-79.5915
10005,82,266.1495,9.7775,-80.2225
10005,84,266.219,9.3575,-80.6425
10005,86,265.6915,8.9105,-81.0895
10005,88,266.114,8.8765,-81.1235
10006,0,0,0,-90
10006,2,269.6458929,0.357143048,-89.64285695
10006,4,287.257645,0.54199967,-89.45800033
10006,6,284.66751,0.74550005,-89.25449995
10006,8,285.198005,0.86050005,-89.13949995
10006,10,285.759495,0.9539999,-89.0460001
10006,12,284.280005,1.04350005,-88.95649995
10006,14,284.1425,1.1539999,-88.8460001
10006,16,285.30399,1.2670001,-88.7329999
10006,18,284.881505,1.208999905,-88.7910001
10006,20,284.108005,1.419,-88.581
10006,22,283.806005,1.5235,-88.4765
10006,24,285.389,1.529,-88.471
10006,26,285.30401,1.6429999,-88.3570001
10006,28,284.998995,1.9225,-88.0775
10006,30,285.905995,1.9254999,-88.0745001
10006,32,286.241,2.2145,-87.7855
10006,34,286.524,2.248,-87.752
10006,36,288.439,2.331,-87.669
10006,38,290.012,2.155,-87.845
10006,40,290.2735,2.462,-87.538
10006,42,288.309,2.94,-87.06
10006,44,286.901505,2.8364998,-87.1635002
10006,46,288.455005,2.9145,-87.0855
10006,48,288.268495,2.9605002,-87.0394998
10006,50,290.287,3.0674998,-86.9325002
10006,52,292.4975,3.173,-86.827
10006,54,292.909,3.2515,-86.7485
10006,56,293.116,3.3465,-86.6535
10006,58,293.7645,3.447,-86.553
10006,60,294.17,3.6065,-86.3935
10006,62,294.2385,3.6705,-86.3295
10006,64,295.21249,3.82300075,-86.17699925
10006,66,294.003995,3.546,-86.454
10006,68,295.95549,3.6944992,-86.3055008
10006,70,295.69899,3.7605,-86.2395
10006,72,294.79498,3.829,-86.171
10006,74,292.148505,3.9850004,-86.0149996
10006,76,293.689985,4.1174996,-85.8825004
10006,78,291.721495,4.1845,-85.8155
10006,80,291.64647,4.176,-85.824
10006,82,284.52851,4.325,-85.675
10006,84,282.8865,4.4275,-85.5725
10007,0,0,0,-90
10007,2,157.4962021,0.246277457,-89.75372254
10007,4,115.507855,0.222999685,-89.77700031
10007,6,97.1035435,0.111000051,-89.88899995
10007,8,103.8919605,0.1915,-89.8085
10007,10,88.753006,0.228,-89.772
10007,12,300.938799,0.56199985,-89.43800015
10007,14,331.341,0.805,-89.195
10007,16,327.103505,1.040499905,-88.95950009
10007,18,323.4985,1.2345,-88.7655
10007,20,322.0975,1.598,-88.402
10007,22,320.6545,1.908,-88.092
10007,24,320.183,2.0785001,-87.9214999
10007,26,319.342,2.1624998,-87.8375002
10007,28,321.961,2.0314999,-87.9685001
10007,30,324.341495,2.03,-87.97
10007,32,323.7835,1.956,-88.044
10007,34,325.1145,1.8015,-88.1985
10007,36,324.1435,1.655,-88.345
10007,38,324.088,1.8615,-88.1385
10007,40,324.002,1.943,-88.057
10007,42,326.110005,1.9765002,-88.0234998
10007,44,326.568,1.836,-88.164
10007,46,322.052995,1.9644996,-88.0355004
10007,48,323.978,1.9115,-88.0885
10007,50,324.68099,2.1954998,-87.8045002
10007,52,323.7005,2.0795,-87.9205
10007,54,318.037,1.999,-88.001
10007,56,315.939,2.0905,-87.9095
10007,58,314.7325,2.1905,-87.8095
10007,60,311.3595,2.134,-87.866
10007,62,314.8715,1.9585,-88.0415
10007,64,311.3485,1.745,-88.255
10007,66,303.325,1.9275,-88.0725
10007,68,304.71796,1.87149885,-88.12850115
10007,70,295.972505,1.86650155,-88.13349845
10007,72,288.831505,1.826,-88.174
10007,74,285.57648,2.156,-87.844
10007,76,280.881515,2.2665004,-87.7334996
10007,78,274.960995,2.42000075,-87.57999925
10007,80,275.73352,2.5009996,-87.4990004
10007,82,271.077,2.7085,-87.2915
10007,84,264.1655,3.025,-86.975
10007,86,264.1685,3.062,-86.938
10007,88,259.3305,3.1895,-86.8105
10007,90,258.0615,3.2145,-86.7855
10007,92,253.801,3.2845,-86.7155
10008,0,0,0,-90
10008,2,194.2733333,0.347685524,-89.65231448
10008,4,208.65446,0.30800062,-89.69199938
10008,6,254.852005,0.336,-89.664
10008,8,289.871,0.645,-89.355
10008,10,301.341495,1.00249995,-88.99750005
10008,12,302.9815,1.1949999,-88.8050001
10008,14,303.2275,1.3325001,-88.6674999
10008,16,300.862495,1.339,-88.661
10008,18,301.480495,1.4689999,-88.5310001
10008,20,302.5485,1.3425001,-88.6574999
10008,22,302.738,1.4765,-88.5235
10008,24,301.6375,1.448,-88.552
10008,26,300.638505,1.362,-88.638
10008,28,298.35301,1.2494996,-88.7505004
10008,30,299.634505,1.2074998,-88.7925002
10008,32,302.0815,0.965,-89.035
10008,34,299.0935,1.052,-88.948
10008,36,300.18,1.178,-88.822
10008,38,306.833,0.978,-89.022
10008,40,311.37,0.896,-89.104
10008,42,309.6045,0.6805,-89.3195
10008,44,310.567,0.6645,-89.3355
10008,46,319.600505,0.47,-89.53
10008,48,304.546485,0.31900038,-89.68099962
10008,50,308.587,0.2975,-89.7025
10008,52,317.91,0.2655,-89.7345
10008,54,279.6225,0.2195,-89.7805
10008,56,243.0935,0.129,-89.871
10008,58,117.6055,0.153,-89.847
10008,60,69.6115,0.252,-89.748
10008,62,66.211,0.3155,-89.6845
10008,64,66.129,0.373,-89.627
10008,66,86.7919875,0.371,-89.629
10008,68,56.8619875,0.51699962,-89.48300038
10008,70,50.993037,0.567,-89.433
10008,72,75.222,0.342,-89.658
10008,74,48.474441,0.4425,-89.5575
10008,76,42.156461,0.36799962,-89.63200038
10008,78,31.623598,0.34049962,-89.65950038
10008,80,30.8335575,0.36200076,-89.63799924
10008,82,47.1295,0.268,-89.732
10009,0,0,0,-90
10009,2,224.4062353,0.243117306,-89.75688269
10009,4,274.160295,0.23449974,-89.76550026
10009,6,299.663455,0.28699943,-89.71300057
10009,8,324.214,0.294,-89.706
10009,10,335.192505,0.292,-89.708
10009,12,325.434005,0.19399995,-89.80600005
10009,14,273.782005,0.26699995,-89.73300005
10009,16,254.802495,0.512500095,-89.4874999
10009,18,242.585,0.765,-89.235
10009,20,237.252,1.0655,-88.9345
10009,22,236.7405,1.3755,-88.6245
10009,24,238.575995,1.8540001,-88.1459999
10009,26,238.4705,2.116,-87.884
10009,28,238.306,2.2434999,-87.7565001
10009,30,237.171,2.4435,-87.5565
10009,32,235.459,2.539,-87.461
10009,34,233.9575,2.582,-87.418
10009,36,232.055,2.698,-87.302
10009,38,228.621,2.132,-87.868
10009,40,228.6515,2.5555,-87.4445
10009,42,231.85,2.7555,-87.2445
10009,44,231.055,2.8675,-87.1325
10009,46,228.04,2.974,-87.026
10009,48,231.693,3.4965,-86.5035
10009,50,229.635,3.5,-86.5
10009,52,228.143,3.842,-86.158
10009,54,224.139495,4.24750055,-85.75249945
10009,56,220.08749,4.2195004,-85.7804996
10009,58,215.067,4.239,-85.761
10009,60,215.223005,4.6019998,-85.3980002
10009,62,216.782,4.8275,-85.1725
10009,64,216.331,4.8505,-85.1495
10009,66,216.449495,5.149,-84.851
10009,68,215.5785,5.6745004,-84.3254996
10009,70,213.6985,5.6414981,-84.3585019
10009,72,213.293005,5.9739996,-84.0260004
10009,74,215.5135,6.619,-83.381
10009,76,215.345485,6.6155,-83.3845
10009,78,217.987,6.9149996,-83.0850004
10009,80,216.4085,7.3475,-82.6525
10009,82,213.686505,7.0255,-82.9745
10009,84,215.9885,7.2269996,-82.7730004
10009,86,217.93401,7.1550004,-82.8449996
10009,88,216.940995,7.164,-82.836
10009,90,217.787525,7.5014996,-82.4985004
10009,92,217.322,7.2225004,-82.7774996
10010,0,0,0,-90
10010,2,107.1039167,0.159608482,-89.84039152
10010,4,277.7276257,0.335001385,-89.66499862
10010,6,332.655015,0.488500165,-89.51149983
10010,8,325.204,0.726999995,-89.27300001
10010,10,322.65949,0.94899985,-89.05100015
10010,12,318.1195,1.192,-88.808
10010,14,314.68649,1.37499995,-88.62500005
10010,16,312.382,1.443,-88.557
10010,18,314.138495,1.3259999,-88.6740001
10010,20,313.172,1.412,-88.588
10010,22,313.329005,1.371,-88.629
10010,24,315.347505,1.181,-88.819
10010,26,316.110495,1.0624999,-88.9375001
10010,28,317.635505,0.966000285,-89.03399972
10010,30,319.8995,0.87050019,-89.12949981
10010,32,322.085,0.6715,-89.3285
10010,34,311.8295,0.6975,-89.3025
10010,36,299.359,0.717,-89.283
10010,38,284.5125,0.5135,-89.4865
10010,40,279.27,0.4185,-89.5815
10010,42,274.3175,0.3735,-89.6265
10010,44,266.1775,0.334,-89.666
10010,46,257.796,0.3,-89.7
10010,48,250.774,0.3,-89.7
10010,50,246.9775,0.3105,-89.6895
10010,52,245.6655,0.3475,-89.6525
10010,54,246.986,0.3445,-89.6555
10010,56,244.879,0.3085,-89.6915
10010,58,243.572505,0.27900019,-89.72099981
10010,60,241.4695,0.2495,-89.7505
10010,62,229.64899,0.26149981,-89.73850019
10010,64,211.941,0.2745,-89.7255
10010,66,203.2455,0.2945,-89.7055
10010,68,194.49451,0.3965,-89.6035
10010,70,192.531975,0.52600038,-89.47399962
10010,72,187.799475,0.759,-89.241
10010,74,186.203495,1.01400038,-88.98599962
10010,76,184.822,1.311,-88.689
10010,78,186.339505,1.4235,-88.5765
10010,80,188.991485,1.4505,-88.5495
10010,82,186.050495,1.865,-88.135
10010,84,188.386,2.0025,-87.9975
10010,86,190.280505,2.1775,-87.8225
10010,88,193.294995,2.36,-87.64
10011,0,0,0,-90
10011,2,178.9084479,0.49647099,-89.50352901
10011,4,188.09897,0.440000095,-89.55999991
10011,6,203.587,0.369000025,-89.63099998
10011,8,222.6095,0.33600005,-89.66399995
10011,10,248.911985,0.41099995,-89.58900005
10011,12,276.06399,0.66749985,-89.33250015
10011,14,288.447495,0.791499905,-89.2085001
10011,16,301.2,1.0935,-88.9065
10011,18,306.695,1.2435,-88.7565
10011,20,309.4135,1.4505,-88.5495
10011,22,310.9245,1.5925,-88.4075
10011,24,312.413,1.567,-88.433
10011,26,311.50299,1.6869999,-88.3130001
10011,28,310.639495,1.8560001,-88.1439999
10011,30,312.16348,1.7690001,-88.2309999
10011,32,313.239505,1.9145002,-88.0854998
10011,34,314.100515,1.6065011,-88.3934989
10011,36,316.750495,1.6514998,-88.3485002
10011,38,314.428,1.4445,-88.5555
10011,40,305.9055,1.315,-88.685
10011,42,299.862485,1.752,-88.248
10011,44,303.181,1.8395,-88.1605
10011,46,302.9385,1.731,-88.269
10011,48,301.006,1.99,-88.01
10011,50,299.778,2.136,-87.864
10011,52,298.647,2.2265,-87.7735
10011,54,298.1705,2.5125,-87.4875
10011,56,298.3155,2.5135,-87.4865
10011,58,294.2625,2.6025,-87.3975
10011,60,292.6765,3.0055,-86.9945
10011,62,289.4215,3.148,-86.852
10011,64,289.43,3.2680004,-86.7319996
10011,66,287.735,3.059,-86.941
10011,68,287.212495,3.328,-86.672
10011,70,285.8155,3.543,-86.457
10011,72,284.772515,3.5490004,-86.4509996
10011,74,283.748005,3.6990004,-86.3009996
10011,76,279.543,3.972,-86.028
10011,78,280.4125,3.9175,-86.0825
10011,80,277.8775,3.9035,-86.0965
10011,82,275.0515,4.0435,-85.9565
10011,84,271.957505,3.7125,-86.2875
10012,0,0,0,-90
10012,2,90.90886202,0.099159343,-89.90084066
10012,4,75.638199,0.20599947,-89.79400053
10012,6,75.7290905,0.48149902,-89.51850098
10012,8,71.315,0.802,-89.198
10012,10,67.836,1.0595,-88.9405
10012,12,65.7925,0.9465,-89.0535
10012,14,61.1495,0.6695,-89.3305
10012,16,48.7205,0.4795,-89.5205
10012,18,43.7615,0.2965,-89.7035
10012,20,217.7935,0.138,-89.862
10012,22,273.077,0.2115,-89.7885
10012,24,279.2295,0.284,-89.716
10012,26,278.2935,0.6425,-89.3575
10012,28,274.211,1.007,-88.993
10012,30,270.7155,1.451,-88.549
10012,32,265.8,1.972,-88.028
10012,34,262.79,2.441,-87.559
10012,36,263.146,2.804,-87.196
10012,38,262.836,2.7215,-87.2785
10012,40,262.51,2.6675,-87.3325
10012,42,256.63,3.005,-86.995
10012,44,254.6875,2.972,-87.028
10012,46,252.1525,3.0985,-86.9015
10012,48,250.8285,3.3675,-86.6325
10012,50,250.7415,3.405,-86.595
10012,52,249.97,3.7655,-86.2345
10012,54,253.8875,3.7535,-86.2465
10012,56,250.253,3.744,-86.256
10012,58,250.0175,4.083,-85.917
10012,60,248.659,4.3365,-85.6635
10012,62,253.1405,4.0615,-85.9385
10012,64,252.864,3.649,-86.351
10012,66,246.7615,3.815,-86.185
10012,68,250.964,4.0965,-85.9035
10012,70,251.676,4.107,-85.893
10012,72,247.1205,4.5235,-85.4765
10012,74,250.783,4.7435,-85.2565
10012,76,250.934,4.7,-85.3
10012,78,249.0355,5.229,-84.771
10012,80,248.699,5.519,-84.481
10012,82,249.255,5.652,-84.348
10012,84,247.4655,6.2025,-83.7975
10012,86,247.0885,6.808,-83.192
10013,0,0,0,-90
10013,2,106.9593021,0.826167646,-89.17383235
10013,4,104.138045,0.68500112,-89.31499888
10013,6,91.4203655,0.387499165,-89.61250084
10013,8,74.3620725,0.3,-89.7
10013,10,76.962,0.23,-89.77
10013,12,256.1855,0.3665,-89.6335
10013,14,272.9415,0.8845,-89.1155
10013,16,271.3765,1.377,-88.623
10013,18,272.7655,1.926,-88.074
10013,20,273.378,2.4105,-87.5895
10013,22,273.3575,2.7645,-87.2355
10013,24,274.83,3.154,-86.846
10013,26,274.617,3.0035,-86.9965
10013,28,274.2685,3.0995,-86.9005
10013,30,272.37,3.409,-86.591
10013,32,270.7055,3.9245,-86.0755
10013,34,267.8205,4.2895,-85.7105
10013,36,263.475,4.439,-85.561
10013,38,262.3605,4.921,-85.079
10013,40,260.5005,5.662,-84.338
10013,42,259.11,5.913,-84.087
10013,44,257.3655,5.6415,-84.3585
10013,46,255.971,5.7635,-84.2365
10013,48,253.7355,6.174,-83.826
10013,50,253.756,6.1455,-83.8545
10013,52,252.7005,6.19,-83.81
10013,54,251.417,6.325,-83.675
10013,56,249.8,6.3695,-83.6305
10013,58,249.1745,6.2335,-83.7665
10013,60,249.165,6.34,-83.66
10013,62,251.0925,6.247,-83.753
10013,64,252.28,6.1295,-83.8705
10013,66,251.096,6.0075,-83.9925
10013,68,252.1355,5.8945,-84.1055
10013,70,252.1165,5.907,-84.093
10013,72,251.9365,5.727,-84.273
10013,74,252.4855,5.615,-84.385
10013,76,251.7885,5.813,-84.187
10013,78,250.286,6.0125,-83.9875
10013,80,251.4635,6.135,-83.865
10013,82,252.404,6.294,-83.706
10014,0,0,0,-90
10014,2,182.4987375,0.16962425,-89.83037575
10014,4,194.2366675,0.24899993,-89.75100007
10014,6,245.8983005,0.27650007,-89.72349993
10014,8,219.6610455,0.26750005,-89.73249995
10014,10,167.8759,0.217499665,-89.78250033
10014,12,66.5721169,0.308999625,-89.69100038
10014,14,79.215837,0.59999957,-89.40000043
10014,16,97.29109195,0.85249981,-89.14750019
10014,18,20.588473,1.09350001,-88.90649999
10014,20,16.7280185,1.2684999,-88.7315001
10014,22,12.31400765,1.2574999,-88.7425001
10014,24,8.87498135,1.1705003,-88.8294997
10014,26,7.3490123,1.109,-88.891
10014,28,35.95466465,1.0630002,-88.9369998
10014,30,52.60683762,1.0035,-88.9965
10014,32,53.70931323,0.92049981,-89.07950019
10014,34,54.72114885,0.89700019,-89.10299981
10014,36,5.1575088,0.874,-89.126
10014,38,7.368019,0.9,-89.1
10014,40,7.17650455,0.95699981,-89.04300019
10014,42,11.15199255,1.0739998,-88.9260002
10014,44,11.05850945,1.1509998,-88.8490002
10014,46,10.64050565,1.2024998,-88.7975002
10014,48,11.1319963,1.2749998,-88.7250002
10014,50,12.4184995,1.3174996,-88.6825004
10014,52,17.4639865,1.3614988,-88.6385012
10014,54,24.227496,1.3974998,-88.6025002
10014,56,30.400011,1.2645006,-88.7354994
10014,58,30.557498,1.1030002,-88.8969998
10014,60,29.373496,1.03449924,-88.96550076
10014,62,29.3290025,0.91649998,-89.08350002
10014,64,25.8434915,0.78949962,-89.21050038
10014,66,14.172486,0.72299886,-89.27700114
10014,68,37.1444565,0.71150038,-89.28849962
10014,70,200.7455039,0.716498095,-89.2835019
10014,72,344.36249,0.74599924,-89.25400076
10014,74,338.881025,0.8,-89.2
10014,76,335.24852,0.84349886,-89.15650114
10014,78,333.407505,0.86700038,-89.13299962
10014,80,331.74801,0.83849962,-89.16150038
10014,82,331.54055,0.94550267,-89.05449733
10015,0,0,0,-90
10015,2,242.6516463,0.641939744,-89.35806026
10015,4,224.2378692,0.621500025,-89.37849997
10015,6,222.6184991,0.606000265,-89.39399973
10015,8,253.914707,0.6440001,-89.3559999
10015,10,140.7354101,0.77549976,-89.22450024
10015,12,205.1503895,1.05649926,-88.94350074
10015,14,235.583745,1.4699993,-88.5300007
10015,16,216.9916765,2.0494991,-87.9505009
10015,18,254.255295,2.8154999,-87.1845001
10015,20,266.158525,3.7624991,-86.2375009
10015,22,212.5022578,4.6424992,-85.3575008
10015,24,236.804569,4.9029997,-85.0970003
10015,26,265.631515,4.9484998,-85.0515002
10015,28,268.450995,5,-85
10015,30,270.883,4.9905,-85.0095
10015,32,273.355495,4.9489996,-85.0510004
10015,34,274.4585,4.9365,-85.0635
10015,36,278.655985,4.908,-85.092
10015,38,280.11949,4.9334998,-85.0665002
10015,40,279.747505,4.9805,-85.0195
10015,42,278.739505,5,-85
10015,44,277.708005,5.0005004,-84.9994996
10015,46,278.155005,5.0380004,-84.9619996
10015,48,278.259005,5.1090004,-84.8909996
10015,50,278.115,5.1335014,-84.8664986
10015,52,277.9995,5.1135002,-84.8864998
10015,54,278.52601,5.09549925,-84.90450075
10015,56,278.42251,5.03849775,-84.96150225
10015,58,278.45899,4.9895002,-85.0104998
10015,60,278.606495,4.96499885,-85.03500115
10015,62,278.15051,4.98199995,-85.01800005
10015,64,277.63251,4.9625008,-85.0374992
10015,66,277.999005,4.8944977,-85.1055023
10015,68,277.94903,4.8809985,-85.1190015
10015,70,277.429495,4.90249955,-85.09750045
10015,72,277.858995,4.9520008,-85.0479992
10015,74,277.794505,4.8695016,-85.1304984
10015,76,278.40448,4.7555031,-85.2444969
10015,78,277.363505,4.7909988,-85.2090012
10016,0,0,0,-90
10016,2,251.7678227,1.04596641,-88.95403359
10016,4,180.1725559,0.606999955,-89.39300005
10016,6,138.684818,0.30000064,-89.69999936
10016,8,122.838969,0.24950048,-89.75049952
10016,10,67.6666568,0.342499905,-89.6575001
10016,12,110.5189519,0.59849981,-89.40150019
10016,14,130.7603451,0.82799962,-89.17200038
10016,16,84.2948782,1.041999805,-88.9580002
10016,18,148.657845,1.2049996,-88.7950004
10016,20,182.345485,1.2734997,-88.7265003
10016,22,178.5865,1.488002025,-88.51199797
10016,24,178.767985,1.4670011,-88.5329989
10016,26,179.61703,1.5459998,-88.4540002
10016,28,181.247,1.5039999,-88.4960001
10016,30,180.42151,1.4594999,-88.5405001
10016,32,178.73404,1.4420023,-88.5579977
10016,34,176.219505,1.36150075,-88.63849925
10016,36,174.404005,1.4190002,-88.5809998
10016,38,175.0295,1.47549905,-88.52450095
10016,40,173.989495,1.5934998,-88.4065002
10016,42,172.5005,1.5369998,-88.4630002
10016,44,171.958505,1.66,-88.34
10016,46,171.1615,1.6969998,-88.3030002
10016,48,169.357,1.5969996,-88.4030004
10016,50,166.3225,1.6,-88.4
10016,52,163.91401,1.5875,-88.4125
10016,54,161.317,1.6214998,-88.3785002
10016,56,158.680505,1.6995,-88.3005
10016,58,157.15699,1.7775004,-88.2224996
10016,60,154.6335,1.8,-88.2
10016,62,153.233505,1.8025,-88.1975
10016,64,150.76049,1.852,-88.148
10016,66,149.147505,1.82,-88.18
10016,68,145.931,1.9,-88.1
10016,70,143.311,2.0149996,-87.9850004
10016,72,140.4195,2.1344996,-87.8655004
10016,74,137.5685,2.3635,-87.6365
10016,76,135.476,2.5,-87.5
10016,78,132.7755,2.5519996,-87.4480004
10016,80,130.749995,2.691,-87.309
10016,82,129.513495,2.718,-87.282
10016,84,128.813495,2.7539988,-87.2460012
10016,86,129.038005,2.782,-87.218
10017,0,267.4810444,0.4704152,-89.5295848
10017,2,230.1439,0.30000025,-89.69999975
10017,4,201.8245555,0.32350019,-89.67649981
10017,6,247.0211791,0.34499969,-89.65500031
10017,8,238.326162,0.39300038,-89.60699962
10017,10,190.6227862,0.382499665,-89.61750034
10017,12,207.384355,0.36600024,-89.63399976
10017,14,88.94011825,0.37700052,-89.62299948
10017,16,78.9777912,0.415999715,-89.58400029
10017,18,40.6134004,0.463500285,-89.53649972
10017,20,84.29696117,0.388000095,-89.61199991
10017,22,269.0423241,0.37350038,-89.62649962
10017,24,288.491706,0.40299981,-89.59700019
10017,26,300.15321,0.41149981,-89.58850019
10017,28,241.1920645,0.44499962,-89.55500038
10017,30,285.893065,0.49700019,-89.50299981
10017,32,296.71045,0.4705,-89.5295
10017,34,285.56758,0.47249981,-89.52750019
10017,36,299.017505,0.66999905,-89.33000095
10017,38,304.029005,0.837,-89.163
10017,40,305.01098,0.79350038,-89.20649962
10017,42,309.15052,0.80750076,-89.19249924
10017,44,313.233525,0.78249962,-89.21750038
10017,46,312.160995,0.6805,-89.3195
10017,48,306.35398,0.59399962,-89.40600038
10017,50,310.298985,0.45950038,-89.54049962
10017,52,316.71897,0.34150095,-89.65849905
10017,54,336.289505,0.315,-89.685
10017,56,259.3253197,0.29700019,-89.70299981
10017,58,13.374517,0.29700019,-89.70299981
10017,60,25.149007,0.3,-89.7
10017,62,26.638504,0.3,-89.7
10017,64,30.5949965,0.3,-89.7
10017,66,39.650957,0.297,-89.703
10017,68,49.938459,0.3,-89.7
10017,70,69.701985,0.3,-89.7
10017,72,87.4979845,0.3,-89.7
10017,74,95.9900205,0.3,-89.7
10017,76,101.5865195,0.3,-89.7
10017,78,118.421975,0.3,-89.7
10017,80,133.804,0.3,-89.7
10017,82,143.35648,0.3,-89.7
10017,84,160.42549,0.3,-89.7
10017,86,179.765495,0.3,-89.7
10018,0,0,0,-90
10018,2,238.8310476,0.214103512,-89.78589649
10018,4,226.076825,0.211999135,-89.78800086
10018,6,204.937975,0.2,-89.8
10018,8,193.924025,0.30149986,-89.69850014
10018,10,194.00707,0.400999905,-89.5990001
10018,12,199.735085,0.440499235,-89.55950077
10018,14,209.2566,0.465499285,-89.53450072
10018,16,224.0105,0.461,-89.539
10018,18,236.235,0.542,-89.458
10018,20,242.851,0.6985,-89.3015
10018,22,244.2055,0.859499905,-89.1405001
10018,24,243.519,0.9,-89.1
10018,26,242.7115,0.8965,-89.1035
10018,28,239.65449,0.899,-89.101
10018,30,236.001005,0.959500095,-89.04049991
10018,32,234.8535,0.925,-89.075
10018,34,227.8665,0.983,-89.017
10018,36,226.667,0.917,-89.083
10018,38,224.0295,0.9345,-89.0655
10018,40,224.5485,0.954,-89.046
10018,42,225.283,1.1235,-88.8765
10018,44,224.126,1.1265,-88.8735
10018,46,225.7795,1.1455,-88.8545
10018,48,226.386,1.247,-88.753
10018,50,230.4515,1.3315,-88.6685
10018,52,230.973,1.32,-88.68
10018,54,231.388,1.3935,-88.6065
10018,56,234.667,1.4,-88.6
10018,58,237.585,1.471,-88.529
10018,60,239.6775,1.5375,-88.4625
10018,62,241.11,1.6805,-88.3195
10018,64,243.3535,1.8,-88.2
10018,66,247.288,1.8315,-88.1685
10018,68,249.575,1.8045,-88.1955
10018,70,251.617,1.765,-88.235
10018,72,252.345,1.9085,-88.0915
10018,74,253.0315,1.954,-88.046
10018,76,260.122,1.75,-88.25
10018,78,266.7175,1.797,-88.203
10018,80,269.373,1.8155,-88.1845
10018,82,269.497,1.84,-88.16
10018,84,269.0505,1.738,-88.262
10018,86,274.5965,1.7855,-88.2145
10018,88,276.516,1.752,-88.248
10019,0,0,0,-90
10019,2,195.2929573,0.292143708,-89.70785629
10019,4,173.8104715,0.317506025,-89.68249398
10019,6,187.566312,0.27850129,-89.72149871
10019,8,172.883985,0.27899867,-89.72100133
10019,10,159.967,0.254,-89.746
10019,12,151.8025,0.332,-89.668
10019,14,174.7335,0.455,-89.545
10019,16,208.572,0.6355,-89.3645
10019,18,229.354,1.008,-88.992
10019,20,236.04,1.601,-88.399
10019,22,234.0355,2.1795,-87.8205
10019,24,231.1035,2.6985,-87.3015
10019,26,230.1525,2.959,-87.041
10019,28,228.367,3.0175,-86.9825
10019,30,227.3265,2.9945,-87.0055
10019,32,224.799,3.1355,-86.8645
10019,34,225.0825,3.1785,-86.8215
10019,36,224.3185,3.2925,-86.7075
10019,38,222.7085,3.3705,-86.6295
10019,40,221.516,3.418,-86.582
10019,42,222.1915,3.3205,-86.6795
10019,44,222.386,3.212,-86.788
10019,46,223.11,3.1185,-86.8815
10019,48,223.8585,3.1715,-86.8285
10019,50,223.0565,3.2175,-86.7825
10019,52,223.891,3.263,-86.737
10019,54,228.858,3.188,-86.812
10019,56,229.37,3.197,-86.803
10019,58,229.6315,3.211,-86.789
10019,60,230.738,3.2135,-86.7865
10019,62,231.213,3.3265,-86.6735
10019,64,231.377,3.2935,-86.7065
10019,66,230.8945,3.042,-86.958
10019,68,230.8325,3.0295,-86.9705
10019,70,231.5655,3.0795,-86.9205
10019,72,232.1195,3.1295,-86.8705
10019,74,232.395,3.201,-86.799
10019,76,234.8975,3.243,-86.757
10019,78,235.872,3.1265,-86.8735
10019,80,235.9745,3.1235,-86.8765
10019,82,235.611,3.1175,-86.8825
10019,84,235.564,3.1075,-86.8925
10020,0,0,0,-90
10020,2,201.2663263,0.754737695,-89.24526231
10020,4,188.251226,0.57649979,-89.42350021
10020,6,169.278305,0.456000025,-89.54399998
10020,8,208.352069,0.3815,-89.6185
10020,10,204.2742475,0.48449995,-89.51550005
10020,12,180.023853,0.570499905,-89.42950009
10020,14,243.8610955,0.663,-89.337
10020,16,209.8170098,0.7855,-89.2145
10020,18,235.468555,0.8935,-89.1065
10020,20,203.9033298,1.0485,-88.9515
10020,22,122.953799,1.1985,-88.8015
10020,24,191.654865,1.311,-88.689
10020,26,207.139677,1.4,-88.6
10020,28,252.30088,1.3975,-88.6025
10020,30,252.628445,1.3299999,-88.6700001
10020,32,287.067755,1.40817,-88.59183
10020,34,283.244075,1.52655985,-88.47344015
10020,36,287.4165,1.405,-88.595
10020,38,290.785,1.3909998,-88.6090002
10020,40,289.032995,1.3605,-88.6395
10020,42,291.074,1.239,-88.761
10020,44,291.6935,1.291,-88.709
10020,46,295.019,1.2225,-88.7775
10020,48,295.497,1.2,-88.8
10020,50,297.169,1.1855,-88.8145
10020,52,297.5625,1.103,-88.897
10020,54,295.663,1.1,-88.9
10020,56,296.132,1.1,-88.9
10020,58,296.9355,1.118,-88.882
10020,60,292.9845,1.2085,-88.7915
10020,62,293.0305,1.3195,-88.6805
10020,64,291.0905,1.4,-88.6
10020,66,289.187005,1.394,-88.606
10020,68,289.083,1.4545004,-88.5454996
10020,70,287.90851,1.5029996,-88.4970004
10020,72,286.571995,1.3545,-88.6455
10020,74,289.232005,1.208,-88.792
10020,76,295.422,1.1705,-88.8295
10020,78,292.6065,1.1575,-88.8425
10020,80,292.502,1.2085,-88.7915
10020,82,288.241,1.2,-88.8
10021,0,0,0,-90
10021,2,118.4553988,0.25580124,-89.74419876
10021,4,253.580175,0.3,-89.7
10021,6,165.3227445,0.37649993,-89.62350007
10021,8,141.6515,0.49699995,-89.50300005
10021,10,128.962109,0.67049981,-89.32950019
10021,12,130.538435,0.8,-89.2
10021,14,147.054,0.8,-89.2
10021,16,166.701,0.8565,-89.1435
10021,18,135.2145,1.0435,-88.9565
10021,20,174.068,1.238,-88.762
10021,22,137.632,1.5755,-88.4245
10021,24,184.349,1.931,-88.069
10021,26,257.35,2.2105,-87.7895
10021,28,214.2425,2.501,-87.499
10021,30,171.811,2.471,-87.529
10021,32,178.6455,2.5345,-87.4655
10021,34,179.3325,2.5835,-87.4165
10021,36,180.524,2.6,-87.4
10021,38,180.4345,2.6,-87.4
10021,40,181.157,2.6575,-87.3425
10021,42,181.1975,2.7,-87.3
10021,44,181.343,2.7,-87.3
10021,46,181.641,2.7,-87.3
10021,48,182.721,2.7,-87.3
10021,50,182.0155,2.7,-87.3
10021,52,182.6475,2.7025,-87.2975
10021,54,183.4815,2.7995,-87.2005
10021,56,183.7205,2.792,-87.208
10021,58,182.8865,2.8,-87.2
10021,60,183.272505,2.8,-87.2
10021,62,183.9535,2.833,-87.167
10021,64,184.8425,2.9285,-87.0715
10021,66,185.379,3.0195,-86.9805
10021,68,186.069,3.0855,-86.9145
10021,70,186.707,3.177,-86.823
10021,72,186.702,3.2025,-86.7975
10021,74,186.278,3.197,-86.803
10021,76,185.674152,3.2,-86.8
10022,0,0,0,-90
10022,2,259.5368868,0.248735918,-89.75126408
10022,4,270.81181,0.290499715,-89.70950029
10022,6,244.904565,0.4665,-89.5335
10022,8,195.9865595,0.617000045,-89.38299995
10022,10,168.341116,0.77149995,-89.22850005
10022,12,147.3374865,0.9815,-89.0185
10022,14,105.392018,1.128,-88.872
10022,16,243.168393,1.2585,-88.7415
10022,18,275.0885,1.0485001,-88.9514999
10022,20,278.3735,1,-89
10022,22,282.3785,0.9975,-89.0025
10022,24,284.412,1,-89
10022,26,288.992,1.017,-88.983
10022,28,293.436,1.0155,-88.9845
10022,30,295.934,1.0975,-88.9025
10022,32,300.129,1.1,-88.9
10022,34,301.679,1.0735,-88.9265
10022,36,300.4945,1.0025,-88.9975
10022,38,298.056,1.0755,-88.9245
10022,40,298.722,1.115,-88.885
10022,42,294.615,1.2315,-88.7685
10022,44,293.856,1.355,-88.645
10022,46,293.6745,1.4605,-88.5395
10022,48,294.6005,1.5,-88.5
10022,50,296.6525,1.542,-88.458
10022,52,297.8285,1.5305,-88.4695
10022,54,305.1865,1.5825,-88.4175
10022,56,306.5645,1.5675002,-88.4324998
10022,58,306.5765,1.57,-88.43
10022,60,308.8975,1.5185002,-88.4814998
10022,62,308.382,1.4245002,-88.5754998
10022,64,308.273,1.412,-88.588
10022,66,308.816,1.4084996,-88.5915004
10022,68,305.809,1.4,-88.6
10022,70,303.106,1.456,-88.544
10022,72,299.079,1.575,-88.425
10022,74,299.1265,1.5855,-88.4145
10022,76,298.675,1.572,-88.428
10022,78,296.7045,1.606,-88.394
10022,80,295.941,1.6185,-88.3815
10022,82,298.964507,1.676056338,-88.32394366
10023,0,0,0,-90
10023,2,89.63748124,0.061047251,-89.93895275
10023,4,125.195019,0.143999975,-89.85600002
10023,6,140.5035,0.35150007,-89.64849993
10023,8,136.201505,0.557,-89.443
10023,10,129.16049,0.69100005,-89.30899995
10023,12,121.199505,0.82100005,-89.17899995
10023,14,115.68999,1.0235,-88.9765
10023,16,112.192995,1.1835,-88.8165
10023,18,109.825505,1.3494999,-88.6505001
10023,20,107.126,1.488,-88.512
10023,22,106.9445,1.409,-88.591
10023,24,107.781995,1.414,-88.586
10023,26,111.58199,1.1630003,-88.8369997
10023,28,151.09798,0.652000095,-89.3479999
10023,30,197.918995,0.9869999,-89.0130001
10023,32,214.299505,1.823,-88.177
10023,34,223.3215,2.745,-87.255
10023,36,230.895,3.8355,-86.1645
10023,38,235.3615,4.915,-85.085
10023,40,239.9875,5.8005,-84.1995
10023,42,241.6415,5.9515,-84.0485
10023,44,243.135,5.9,-84.1
10023,46,243.371,5.8215,-84.1785
10023,48,242.995,5.8295,-84.1705
10023,50,241.4025,5.915,-84.085
10023,52,241.121,5.957,-84.043
10023,54,240.9,5.997,-84.003
10023,56,239.316,6.0855,-83.9145
10023,58,238.9065,6.085,-83.915
10023,60,238.5865,6.1,-83.9
10023,62,238.716,6.097,-83.903
10023,64,238.556,6.1,-83.9
10023,66,238.796,6.0625,-83.9375
10023,68,238.4935,6,-84
10023,70,238.771,5.9445,-84.0555
10023,72,239.4125,5.86,-84.14
10023,74,240.828,5.704,-84.296
10023,76,240.886,5.689,-84.311
10023,78,239.302,5.7235,-84.2765
10023,80,238.2275,5.7625004,-84.2374996
10023,82,238.24,5.703,-84.297
10023,84,238.263995,5.6974996,-84.3025004
10023,86,238.2565,5.686,-84.314
10024,0,0,0,-90
10024,2,191.5519383,0.365223679,-89.63477632
10024,4,185.899265,0.446999735,-89.55300027
10024,6,180.66415,0.496999885,-89.50300012
10024,8,178.02136,0.465997385,-89.53400262
10024,10,177.882305,0.38149948,-89.61850052
10024,12,182.19164,0.35200185,-89.64799815
10024,14,189.509045,0.259500525,-89.74049947
10024,16,213.077495,0.263000095,-89.73699991
10024,18,250.496995,0.363,-89.637
10024,20,267.092495,0.5665,-89.4335
10024,22,276.715995,0.785,-89.215
10024,24,283.029515,0.919000385,-89.08099962
10024,26,287.4055,1.2435,-88.7565
10024,28,290.492505,1.5099999,-88.4900001
10024,30,290.1915,1.7695002,-88.2304998
10024,32,285.67201,1.9979998,-88.0020002
10024,34,275.251005,2.4435002,-87.5564998
10024,36,273.655,2.931,-87.069
10024,38,269.44,3.106,-86.894
10024,40,266.294,3.169,-86.831
10024,42,263.7585,3.2,-86.8
10024,44,262.65,3.223,-86.777
10024,46,262.388,3.311,-86.689
10024,48,262.3505,3.4135,-86.5865
10024,50,259.541,3.5565,-86.4435
10024,52,259.808,3.573,-86.427
10024,54,258.8115,3.606,-86.394
10024,56,258.713,3.677,-86.323
10024,58,257.2175,3.7575,-86.2425
10024,60,255.539,3.864,-86.136
10024,62,253.5925,4.1435,-85.8565
10024,64,253.2095,4.3215,-85.6785
10024,66,252.11,4.572,-85.428
10024,68,250.726,4.86,-85.14
10024,70,248.895,5.1505,-84.8495
10024,72,248.2415,5.467,-84.533
10024,74,247.2635,5.791,-84.209
10024,76,246.1775,6.035,-83.965
10024,78,245.4585,6.3055,-83.6945
10024,80,245.697,6.706,-83.294
10024,82,246.0705,6.9595,-83.0405
10024,84,246.509,7.111,-82.889
10024,86,247.554,7.2475,-82.7525
10024,88,248.203,7.355,-82.645
10025,0,0,0,-90
10025,2,202.2532747,0.265385341,-89.73461466
10025,4,145.6989955,0.124000145,-89.87599985
10025,6,145.64648,0.14799969,-89.85200031
10025,8,180.37548,0.334999715,-89.66500029
10025,10,187.388955,0.45199962,-89.54800038
10025,12,194.00453,0.633999855,-89.36600014
10025,14,198.46748,0.739000285,-89.26099972
10025,16,201.685495,0.865999905,-89.1340001
10025,18,204.293005,0.902999905,-89.0970001
10025,20,205.86102,1.028499895,-88.97150011
10025,22,205.640505,1.0824999,-88.9175001
10025,24,203.542475,1.1239995,-88.8760005
10025,26,198.332505,1.2015,-88.7985
10025,28,190.536,1.25499995,-88.74500005
10025,30,185.685495,1.5349997,-88.4650003
10025,32,178.183015,1.6130002,-88.3869998
10025,34,171.84348,1.5925,-88.4075
10025,36,169.58301,1.5854998,-88.4145002
10025,38,170.4215,1.6235002,-88.3764998
10025,40,171.12401,1.75549995,-88.24450005
10025,42,170.99751,1.7915,-88.2085
10025,44,173.100985,1.8929994,-88.1070006
10025,46,173.62699,1.9965,-88.0035
10025,48,174.527995,1.9855002,-88.0144998
10025,50,175.18101,2.1014994,-87.8985006
10025,52,175.455495,2.1885002,-87.8114998
10025,54,176.3505,2.297,-87.703
10025,56,177.408995,2.3150002,-87.6849998
10025,58,178.6645,2.4129996,-87.5870004
10025,60,178.63,2.5484996,-87.4515004
10025,62,178.736495,2.6460002,-87.3539998
10025,64,178.945485,2.6274998,-87.3725002
10025,66,180.62048,2.6155,-87.3845
10025,68,182.650495,2.6085004,-87.3914996
10025,70,182.67552,2.668,-87.332
10025,72,182.432,2.7,-87.3
10025,74,183.340505,2.7150004,-87.2849996
10025,76,181.739005,2.76299925,-87.23700075
10025,78,181.237005,2.72950035,-87.27049965
10025,80,180.54598,2.84,-87.16
10025,82,181.305505,2.8945004,-87.1054996
10025,84,181.7265,2.9509996,-87.0490004
10025,86,182.036495,3.0740004,-86.9259996
10025,88,182.364005,3.077,-86.923
10025,90,183.73099,3.1615,-86.8385
10025,92,185.913,3.2795004,-86.7204996
